mnemonic,log_curve_type_id,log_curve_main_family_id,log_curve_family_id,unit_quantity_id,unit,comment
LFP_AI,Equinor-AI,Geophysics,EQ-Acoustic%20Impedance%20Compressional,%28mass%20per%20time%29%20per%20area,kPa.s/m,null
LFP_AI_B,Equinor-AI_B,Geophysics,EQ-Acoustic%20Impedance%20Compressional,%28mass%20per%20time%29%20per%20area,kPa.s/m,null
LFP_AI_CO2,Equinor-AI_CO2,Geophysics,EQ-Acoustic%20Impedance%20Compressional,%28mass%20per%20time%29%20per%20area,kPa.s/m,null
LFP_AI_G,Equinor-AI_G,Geophysics,EQ-Acoustic%20Impedance%20Compressional,%28mass%20per%20time%29%20per%20area,kPa.s/m,null
LFP_AI_LOG,Equinor-AI_LOG,Geophysics,EQ-Acoustic%20Impedance%20Compressional,%28mass%20per%20time%29%20per%20area,kPa.s/m,null
LFP_AI_O,Equinor-AI_O,Geophysics,EQ-Acoustic%20Impedance%20Compressional,%28mass%20per%20time%29%20per%20area,kPa.s/m,null
LFP_AI_V,Equinor-AI_V,Geophysics,EQ-Acoustic%20Impedance%20Compressional,%28mass%20per%20time%29%20per%20area,kPa.s/m,null
LFP_AI_VERT,Equinor-AI_VERT,Geophysics,EQ-Acoustic%20Impedance%20Compressional,%28mass%20per%20time%29%20per%20area,kPa.s/m,null
LFP_SI,Equinor-SI,Geophysics,EQ-Acoustic%20Impedance%20Shear,%28mass%20per%20time%29%20per%20area,kPa.s/m,null
LFP_SI_B,Equinor-SI_B,Geophysics,EQ-Acoustic%20Impedance%20Shear,%28mass%20per%20time%29%20per%20area,kPa.s/m,null
LFP_SI_CO2,Equinor-SI_CO2,Geophysics,EQ-Acoustic%20Impedance%20Shear,%28mass%20per%20time%29%20per%20area,kPa.s/m,null
LFP_SI_G,Equinor-SI_G,Geophysics,EQ-Acoustic%20Impedance%20Shear,%28mass%20per%20time%29%20per%20area,kPa.s/m,null
LFP_SI_LOG,Equinor-SI_LOG,Geophysics,EQ-Acoustic%20Impedance%20Shear,%28mass%20per%20time%29%20per%20area,kPa.s/m,null
LFP_SI_O,Equinor-SI_O,Geophysics,EQ-Acoustic%20Impedance%20Shear,%28mass%20per%20time%29%20per%20area,kPa.s/m,null
LFP_SI_V,Equinor-SI_V,Geophysics,EQ-Acoustic%20Impedance%20Shear,%28mass%20per%20time%29%20per%20area,kPa.s/m,null
LFP_EI_HILT,Equinor-EI_HILT,GeophysicalSynthetics,EQ-Elastic%20Impedance,%28mass%20per%20time%29%20per%20area,kPa.s/m,null
LFP_EI_HILT_B,Equinor-EI_HILT_B,GeophysicalSynthetics,EQ-Elastic%20Impedance,%28mass%20per%20time%29%20per%20area,kPa.s/m,null
LFP_EI_HILT_CO2,Equinor-EI_HILT_CO2,GeophysicalSynthetics,EQ-Elastic%20Impedance,%28mass%20per%20time%29%20per%20area,kPa.s/m,null
LFP_EI_HILT_G,Equinor-EI_HILT_G,GeophysicalSynthetics,EQ-Elastic%20Impedance,%28mass%20per%20time%29%20per%20area,kPa.s/m,null
LFP_EI_HILT_O,Equinor-EI_HILT_O,GeophysicalSynthetics,EQ-Elastic%20Impedance,%28mass%20per%20time%29%20per%20area,kPa.s/m,null
LFP_EI_HILT_V,Equinor-EI_HILT_V,GeophysicalSynthetics,EQ-Elastic%20Impedance,%28mass%20per%20time%29%20per%20area,kPa.s/m,null
LFP_SGR,Equinor-SGR,GammaRay,EQ-Total%20Gamma%20Ray,API%20gamma%20ray,gAPI,null
LFP_GR,Equinor-GR,GammaRay,Gamma%20Ray,API%20gamma%20ray,gAPI,null
LFP_GRMIN,Equinor-GRMIN,GammaRay,Gamma%20Ray,API%20gamma%20ray,gAPI,null
LFP_CGR,Equinor-CGR,GammaRay,Gamma%20Ray%20Minus%20Uranium,API%20gamma%20ray,gAPI,null
LFP_GR_NORM,Equinor-GRN,GammaRay,Gamma%20Ray%20Normalized,API%20gamma%20ray,gAPI,null
LFP_GRMAX,Equinor-GRMAX,GammaRay,Gamma%20Ray%20Shale,API%20gamma%20ray,gAPI,null
GR,Equinor-GR,GammaRay,Gamma%20Ray,API%20gamma%20ray,gAPI,null
GRN,Equinor-GRN,GammaRay,Gamma%20Ray%20Normalized,API%20gamma%20ray,gAPI,null
LFP_API,Equinor-API,FluidProperties,EQ-Oil%20Gravity,API%20gravity,dAPI,null
LFP_UMAA,Equinor-UMAA,PhotoelectricFactor,EQ-Grain%20Photoelectric%20Factor,dimensionless,b/e,null
LFP_VPVS,Equinor-VPVS,Acoustic,EQ-VpVs%20%28Compressional%20To%20Shear%29%20Ratio,non-dimensional,unitless,null
LFP_GOR,Equinor-GOR,FluidProperties,EQ-Gas%20Oil%20Ratio,volume%20per%20volume,m3/m3,null
LFP_PEF,Equinor-PEF,PhotoelectricFactor,Photoelectric%20Factor,dimensionless,b/e,null
BADHOLE_FLAG,Equinor-BADHOLE_FLAG,Flag,EQ-Bad%20Hole%20Flag,non-dimensional,unitless,null
CALC_FLAG,Equinor-CALC_FLAG,Flag,EQ-Calcite%20Flag,non-dimensional,unitless,null
CARB_FLAG,Equinor-CARB_FLAG,Flag,EQ-Carbonate%20Flag,non-dimensional,unitless,null
COAL_FLAG,Equinor-COAL_FLAG,Flag,EQ-Coal%20Flag,non-dimensional,unitless,null
CPI_QUAL_FLAG,Equinor-CPI_QUAL_FLAG,Flag,EQ-CPI%20Qual%20Flag,non-dimensional,unitless,null
EFAC,Equinor-EFAC,Flag,EQ-Electrofacies%20Code,non-dimensional,unitless,null
FLUID_FLAG,Equinor-FLUID_FLAG,Flag,EQ-Fluid%20Code,non-dimensional,unitless,null
NET_PAY,Equinor-NET_PAY,Flag,EQ-Net%20Pay%20Flag,non-dimensional,unitless,null
NET_FLAG,Equinor-NET_FLAG,Flag,EQ-Net%20Reservoir%20Flag,non-dimensional,unitless,null
PAY_FLAG,Equinor-PAY_FLAG,Flag,EQ-Pay%20Flag,non-dimensional,unitless,null
RESERVOIR_FLAG,Equinor-RESERVOIR_FLAG,Flag,EQ-Reservoir%20Flag,non-dimensional,unitless,null
ROCK_TYPE,Equinor-ROCK_TYPE,Flag,EQ-Rock%20Type%20Flag,non-dimensional,unitless,null
SAND_FLAG,Equinor-SAND_FLAG,Flag,EQ-Sand%20Flag,non-dimensional,unitless,null
PEF,Equinor-PEF,PhotoelectricFactor,Photoelectric%20Factor,dimensionless,b/e,null
LFP_SP,Equinor-SP,SpontaneousPotential,Spontaneous%20Potential,electric%20potential%20difference,mV,null
LFP_SPMAX,Equinor-SPMAX,SpontaneousPotential,Spontaneous%20Potential,electric%20potential%20difference,mV,null
LFP_SPMIN,Equinor-SPMIN,SpontaneousPotential,Spontaneous%20Potential,electric%20potential%20difference,mV,null
SP,Equinor-SP,SpontaneousPotential,Spontaneous%20Potential,electric%20potential%20difference,mV,null
LFP_RSAND,Equinor-RSAND,Resistivity,Resistivity,electrical%20resistivity,ohm.m,null
LFP_RSH,Equinor-RSH,Resistivity,Resistivity,electrical%20resistivity,ohm.m,null
LFP_RD,Equinor-RD,Resistivity,Resistivity%20-%20Deep,electrical%20resistivity,ohm.m,null
LFP_RH,Equinor-RH,Resistivity,Resistivity%20-%20Horizontal%20Formation,electrical%20resistivity,ohm.m,null
LFP_RM,Equinor-RM,Resistivity,Resistivity%20-%20Medium,electrical%20resistivity,ohm.m,null
LFP_RXO,Equinor-RXO,Resistivity,Resistivity%20-%20Micro,electrical%20resistivity,ohm.m,null
LFP_RS,Equinor-RS,Resistivity,Resistivity%20-%20Shallow,electrical%20resistivity,ohm.m,null
LFP_RT,Equinor-RT,Resistivity,Resistivity%20-%20True%20Formation,electrical%20resistivity,ohm.m,null
LFP_RT_LOG,Equinor-RT_LOG,Resistivity,Resistivity%20-%20True%20Formation,electrical%20resistivity,ohm.m,null
LFP_RV,Equinor-RV,Resistivity,Resistivity%20-%20Vertical%20Formation,electrical%20resistivity,ohm.m,null
LFP_RW,Equinor-RW,FluidProperties,Water%20Resistivity,electrical%20resistivity,ohm.m,null
RD,Equinor-RD,Resistivity,Resistivity%20-%20Deep,electrical%20resistivity,ohm.m,null
RM,Equinor-RM,Resistivity,Resistivity%20-%20Medium,electrical%20resistivity,ohm.m,null
RXO,Equinor-RXO,Resistivity,Resistivity%20-%20Micro,electrical%20resistivity,ohm.m,null
RS,Equinor-RS,Resistivity,Resistivity%20-%20Shallow,electrical%20resistivity,ohm.m,null
RT,Equinor-RT,Resistivity,Resistivity%20-%20True%20Formation,electrical%20resistivity,ohm.m,null
RT_SD,Equinor-RT_SD,Resistivity,Resistivity%20-%20True%20Formation,electrical%20resistivity,ohm.m,null
RT_SH,Equinor-RT_SH,Resistivity,Resistivity%20-%20True%20Formation,electrical%20resistivity,ohm.m,null
RW,Equinor-RW,FluidProperties,Water%20Resistivity,electrical%20resistivity,ohm.m,null
LFP_CALI,Equinor-CALI,BoreholeProperties,Caliper,length,in,null
LFP_BS,Equinor-BS,BoreholeProperties,EQ-Bit%20Size,length,in,null
CALI,Equinor-CALI,BoreholeProperties,Caliper,length,in,null
BS,Equinor-BS,BoreholeProperties,EQ-Bit%20Size,length,in,null
MD,Equinor-DEPTH,Reference,EQ-Measured%20Depth,length,ms,null
LFP_VPW,Equinor-VPW,Velocity,Brine%20Velocity,length%20per%20time,m/s,null
LFP_VP,Equinor-VP,Velocity,EQ-Compressional%20Velocity,length%20per%20time,m/s,null
LFP_VP_B,Equinor-VP_B,Velocity,EQ-Compressional%20Velocity,length%20per%20time,m/s,null
LFP_VP_CKS,Equinor-VP_CKS,Velocity,EQ-Compressional%20Velocity,length%20per%20time,m/s,null
LFP_VP_CO2,Equinor-VP_CO2,Velocity,EQ-Compressional%20Velocity,length%20per%20time,m/s,null
LFP_VP_G,Equinor-VP_G,Velocity,EQ-Compressional%20Velocity,length%20per%20time,m/s,null
LFP_VP_GC,Equinor-VP_GC,Velocity,EQ-Compressional%20Velocity,length%20per%20time,m/s,null
LFP_VP_LOG,Equinor-VP_LOG,Velocity,EQ-Compressional%20Velocity,length%20per%20time,m/s,null
LFP_VP_O,Equinor-VP_O,Velocity,EQ-Compressional%20Velocity,length%20per%20time,m/s,null
LFP_VP_V,Equinor-VP_V,Velocity,EQ-Compressional%20Velocity,length%20per%20time,m/s,null
LFP_VP0,Equinor-VP0,Velocity,EQ-Compressional%20Velocity,length%20per%20time,m/s,null
LFP_VPMF,Equinor-VPMF,Velocity,EQ-Compressional%20Velocity,length%20per%20time,m/s,null
LFP_VPO,Equinor-VPO,Velocity,EQ-Compressional%20Velocity,length%20per%20time,m/s,null
LFP_VS,Equinor-VS,Velocity,EQ-Shear%20Velocity,length%20per%20time,m/s,null
LFP_VS_B,Equinor-VS_B,Velocity,EQ-Shear%20Velocity,length%20per%20time,m/s,null
LFP_VS_CO2,Equinor-VS_CO2,Velocity,EQ-Shear%20Velocity,length%20per%20time,m/s,null
LFP_VS_FAST,Equinor-VS_FAST,Velocity,EQ-Shear%20Velocity,length%20per%20time,m/s,null
LFP_VS_G,Equinor-VS_G,Velocity,EQ-Shear%20Velocity,length%20per%20time,m/s,null
LFP_VS_GC,Equinor-VS_GC,Velocity,EQ-Shear%20Velocity,length%20per%20time,m/s,null
LFP_VS_KRIEF,Equinor-VS_KRIEF,Velocity,EQ-Shear%20Velocity,length%20per%20time,m/s,null
LFP_VS_LOG,Equinor-VS_LOG,Velocity,EQ-Shear%20Velocity,length%20per%20time,m/s,null
LFP_VS_O,Equinor-VS_O,Velocity,EQ-Shear%20Velocity,length%20per%20time,m/s,null
LFP_VS_SLOW,Equinor-VS_SLOW,Velocity,EQ-Shear%20Velocity,length%20per%20time,m/s,null
LFP_VS_V,Equinor-VS_V,Velocity,EQ-Shear%20Velocity,length%20per%20time,m/s,null
LFP_VS0,Equinor-VS0,Velocity,EQ-Shear%20Velocity,length%20per%20time,m/s,null
LFP_VPG,Equinor-VPG,Velocity,Gas%20Velocity,length%20per%20time,m/s,null
ROP,Equinor-ROP,DrillingParameters,EQ-Rate%20Of%20Penetration,length%20per%20time,m/h,null
WOB,Equinor-WOB,DrillingParameters,EQ-Weight%20On%20Bit,mass,t,null
LFP_K,Equinor-K,WeightFraction-Element,EQ-Potassium%20Weight%20Fraction,mass%20per%20mass,%,null
LFP_TH,Equinor-TH,WeightFraction-Element,EQ-Thorium%20Weight%20Fraction,mass%20per%20mass,ppm,null
LFP_U,Equinor-U,WeightFraction-Element,EQ-Uranium%20Weight%20Fraction,mass%20per%20mass,ppm,null
K,Equinor-K,WeightFraction-Element,EQ-Potassium%20Weight%20Fraction,mass%20per%20mass,%,null
TH,Equinor-TH,WeightFraction-Element,EQ-Thorium%20Weight%20Fraction,mass%20per%20mass,ppm,null
U,Equinor-U,WeightFraction-Element,EQ-Uranium%20Weight%20Fraction,mass%20per%20mass,ppm,null
LFP_RHOW,Equinor-RHOW,Density,Brine%20Density,mass%20per%20volume,g/cm3,null
LFP_RHOB,Equinor-RHOB,Density,Bulk%20Density,mass%20per%20volume,g/cm3,null
LFP_RHOB_B,Equinor-RHOB_B,Density,Bulk%20Density,mass%20per%20volume,g/cm3,null
LFP_RHOB_CO2,Equinor-RHOB_CO2,Density,Bulk%20Density,mass%20per%20volume,g/cm3,null
LFP_RHOB_FAUST,Equinor-RHOB_FAUST,Density,Bulk%20Density,mass%20per%20volume,g/cm3,null
LFP_RHOB_G,Equinor-RHOB_G,Density,Bulk%20Density,mass%20per%20volume,g/cm3,null
LFP_RHOB_LOG,Equinor-RHOB_LOG,Density,Bulk%20Density,mass%20per%20volume,g/cm3,null
LFP_RHOB_O,Equinor-RHOB_O,Density,Bulk%20Density,mass%20per%20volume,g/cm3,null
LFP_RHOB_SYNT,Equinor-RHOB_SYNT,Density,Bulk%20Density,mass%20per%20volume,g/cm3,null
LFP_RHOB_V,Equinor-RHOB_V,Density,Bulk%20Density,mass%20per%20volume,g/cm3,null
LFP_DRHO,Equinor-DRHO,Density,Bulk%20Density%20Correction,mass%20per%20volume,g/cm3,null
LFP_RHOCO2,Equinor-RHOCO2,Density,EQ-CO2%20Density,mass%20per%20volume,g/cm3,null
LFP_RHOBFAR_HILT_B,Equinor-RHOBFAR_HILT_B,Density,EQ-Elastic%20Density,mass%20per%20volume,g/cm3,null
LFP_RHOBFAR_HILT_CO2,Equinor-RHOBFAR_HILT_CO2,Density,EQ-Elastic%20Density,mass%20per%20volume,g/cm3,null
LFP_RHOBFAR_HILT_G,Equinor-RHOBFAR_HILT_G,Density,EQ-Elastic%20Density,mass%20per%20volume,g/cm3,null
LFP_RHOBFAR_HILT_O,Equinor-RHOBFAR_HILT_O,Density,EQ-Elastic%20Density,mass%20per%20volume,g/cm3,null
LFP_RHOBFAR_HILT_V,Equinor-RHOBFAR_HILT_V,Density,EQ-Elastic%20Density,mass%20per%20volume,g/cm3,null
LFP_LCARHOB,Equinor-LCARHOB,Density,EQ-RHOB%20Cutoff%20Flag,mass%20per%20volume,g/cm3,null
LFP_LCORHOB,Equinor-LCORHOB,Density,EQ-RHOB%20Cutoff%20Flag,mass%20per%20volume,g/cm3,null
LFP_RHOBSH,Equinor-RHOBSH,Density,EQ-Shale%20Density,mass%20per%20volume,g/cm3,null
LFP_RHOBSHNC,Equinor-RHOBSHNC,Density,EQ-Shale%20Density,mass%20per%20volume,g/cm3,null
LFP_RHOFLE,Equinor-RHOFLE,FluidProperties,Fluid%20Density,mass%20per%20volume,g/cm3,null
LFP_RHOFLEC,Equinor-RHOFLEC,FluidProperties,Fluid%20Density,mass%20per%20volume,g/cm3,null
LFP_RHOFLEWC,Equinor-RHOFLEWC,FluidProperties,Fluid%20Density,mass%20per%20volume,g/cm3,null
LFP_RHOFLT,Equinor-RHOFLT,FluidProperties,Fluid%20Density,mass%20per%20volume,g/cm3,null
LFP_RHOFLTC,Equinor-RHOFLTC,FluidProperties,Fluid%20Density,mass%20per%20volume,g/cm3,null
LFP_RHOFLTWC,Equinor-RHOFLTWC,FluidProperties,Fluid%20Density,mass%20per%20volume,g/cm3,null
LFP_RHOHA,Equinor-RHOHA,FluidProperties,Fluid%20Density,mass%20per%20volume,g/cm3,null
LFP_RHOHW,Equinor-RHOHW,FluidProperties,Fluid%20Density,mass%20per%20volume,g/cm3,null
LFP_RHOMF,Equinor-RHOMF,FluidProperties,Fluid%20Density,mass%20per%20volume,g/cm3,null
LFP_RHOG,Equinor-RHOG,FluidProperties,Gas%20Density,mass%20per%20volume,g/cm3,null
LFP_RHOMA,Equinor-RHOMA,Density,Grain%20Density,mass%20per%20volume,g/cm3,null
LFP_RHOMANC,Equinor-RHOMANC,Density,Grain%20Density,mass%20per%20volume,g/cm3,null
LFP_RHOO,Equinor-RHOO,FluidProperties,Oil%20Density,mass%20per%20volume,g/cm3,null
RHOB,Equinor-RHOB,Density,Bulk%20Density,mass%20per%20volume,g/cm3,null
RHOB_EDIT,Equinor-RHOB,Density,Bulk%20Density,mass%20per%20volume,g/cm3,null
DRHO,Equinor-DRHO,Density,Bulk%20Density%20Correction,mass%20per%20volume,g/cm3,null
RHO_FL,Equinor-RHO_FL,FluidProperties,Fluid%20Density,mass%20per%20volume,g/cm3,null
RHO_MA,Equinor-RHO_MA,Density,Grain%20Density,mass%20per%20volume,g/cm3,null
LFP_ARCHIE_M,Equinor-ARCHIE_M,PetrophysicalParameters,Archie%20Porosity%20Exponent%20m,non-dimensional,unitless,null
LFP_ARCHIE_N,Equinor-ARCHIE_N,PetrophysicalParameters,Archie%20Saturation%20Exponent%20n,non-dimensional,unitless,null
LFP_CMTSST,Equinor-CMTSST,Flag,EQ-Calcite%20Flag,non-dimensional,unitless,null
LFP_COAL,Equinor-COAL_FLAG,Flag,EQ-Coal%20Flag,non-dimensional,unitless,null
LFP_SLOPE,Equinor-SLOPE,ToolParameters,EQ-Correction%20Factor,non-dimensional,unitless,null
LFP_FLUIDFLAG,Equinor-FLUID_FLAG,Flag,EQ-Fluid%20Code,non-dimensional,unitless,null
LFP_SGG_G,Equinor-SGG_G,FluidProperties,EQ-Gas%20Gravity,non-dimensional,unitless,null
LFP_SGG_O,Equinor-SGG_O,FluidProperties,EQ-Gas%20Gravity,non-dimensional,unitless,null
LFP_ANHYDRITE,Equinor-ANHYDRITE,Flag,EQ-General%20Flag,non-dimensional,unitless,null
LFP_BADDATA,Equinor-BADDATA,Flag,EQ-General%20Flag,non-dimensional,unitless,null
LFP_CARB,Equinor-CARB,Flag,EQ-General%20Flag,non-dimensional,unitless,null
LFP_DT0FLAG,Equinor-DT0FLAG,Flag,EQ-General%20Flag,non-dimensional,unitless,null
LFP_DTCORFSFLAG,Equinor-DTCORFSFLAG,Flag,EQ-General%20Flag,non-dimensional,unitless,null
LFP_DTLOGFLAG,Equinor-DTLOGFLAG,Flag,EQ-General%20Flag,non-dimensional,unitless,null
LFP_DTS0FLAG,Equinor-DTS0FLAG,Flag,EQ-General%20Flag,non-dimensional,unitless,null
LFP_DTSCORFSFLAG,Equinor-DTSCORFSFLAG,Flag,EQ-General%20Flag,non-dimensional,unitless,null
LFP_DTSLOGFLAG,Equinor-DTSLOGFLAG,Flag,EQ-General%20Flag,non-dimensional,unitless,null
LFP_GAMMALOGFLAG,Equinor-GAMMALOGFLAG,Flag,EQ-General%20Flag,non-dimensional,unitless,null
LFP_GAS,Equinor-GAS,Flag,EQ-General%20Flag,non-dimensional,unitless,null
LFP_HALITE,Equinor-HALITE,Flag,EQ-General%20Flag,non-dimensional,unitless,null
LFP_HALITE_CEMENT,Equinor-HALITE_CEMENT,Flag,EQ-General%20Flag,non-dimensional,unitless,null
LFP_MODEL,Equinor-MODEL,Flag,EQ-General%20Flag,non-dimensional,unitless,null
LFP_MODELNC,Equinor-MODELNC,Flag,EQ-General%20Flag,non-dimensional,unitless,null
LFP_OIL,Equinor-OIL,Flag,EQ-General%20Flag,non-dimensional,unitless,null
LFP_RHOBLOGFLAG,Equinor-RHOBLOGFLAG,Flag,EQ-General%20Flag,non-dimensional,unitless,null
LFP_RTLOGFLAG,Equinor-RTLOGFLAG,Flag,EQ-General%20Flag,non-dimensional,unitless,null
LFP_SUBST,Equinor-SUBST,Flag,EQ-General%20Flag,non-dimensional,unitless,null
LFP_WATER,Equinor-WATER,Flag,EQ-General%20Flag,non-dimensional,unitless,null
LFP_SAND,Equinor-NET_FLAG,Flag,EQ-Net%20Reservoir%20Flag,non-dimensional,unitless,null
LFP_SANDC,Equinor-SANDC,Flag,EQ-Net%20Reservoir%20Flag,non-dimensional,unitless,null
LFP_SANDP,Equinor-SANDP,Flag,EQ-Net%20Reservoir%20Flag,non-dimensional,unitless,null
LFP_SANDWC,Equinor-SANDWC,Flag,EQ-Net%20Reservoir%20Flag,non-dimensional,unitless,null
LFP_PR,Equinor-PR,Geomechanics,EQ-Poisson%20Ratio%20%28Dynamic%29,non-dimensional,unitless,null
LFP_PR_B,Equinor-PR_B,Geomechanics,EQ-Poisson%20Ratio%20%28Dynamic%29,non-dimensional,unitless,null
LFP_PR_CO2,Equinor-PR_CO2,Geomechanics,EQ-Poisson%20Ratio%20%28Dynamic%29,non-dimensional,unitless,null
LFP_PR_G,Equinor-PR_G,Geomechanics,EQ-Poisson%20Ratio%20%28Dynamic%29,non-dimensional,unitless,null
LFP_PR_LOG,Equinor-PR_LOG,Geomechanics,EQ-Poisson%20Ratio%20%28Dynamic%29,non-dimensional,unitless,null
LFP_PR_O,Equinor-PR_O,Geomechanics,EQ-Poisson%20Ratio%20%28Dynamic%29,non-dimensional,unitless,null
LFP_PR_SH_SYNT,Equinor-PR_SH_SYNT,Geomechanics,EQ-Poisson%20Ratio%20%28Dynamic%29,non-dimensional,unitless,null
LFP_PR_SS_B_SYNT,Equinor-PR_SS_B_SYNT,Geomechanics,EQ-Poisson%20Ratio%20%28Dynamic%29,non-dimensional,unitless,null
LFP_PR_SS_G_SYNT,Equinor-PR_SS_G_SYNT,Geomechanics,EQ-Poisson%20Ratio%20%28Dynamic%29,non-dimensional,unitless,null
LFP_PR_SS_O_SYNT,Equinor-PR_SS_O_SYNT,Geomechanics,EQ-Poisson%20Ratio%20%28Dynamic%29,non-dimensional,unitless,null
LFP_PR_V,Equinor-PR_V,Geomechanics,EQ-Poisson%20Ratio%20%28Dynamic%29,non-dimensional,unitless,null
LFP_PRSKEL,Equinor-PRSKEL,Geomechanics,EQ-Poisson%20Ratio%20%28Dynamic%29,non-dimensional,unitless,null
LFP_PRSKELNC,Equinor-PRSKELNC,Geomechanics,EQ-Poisson%20Ratio%20%28Dynamic%29,non-dimensional,unitless,null
LFP_RVRH,Equinor-RVRH,Resistivity,EQ-Resistivity%20Anisotropy,non-dimensional,unitless,null
LFP_SEIS_SYNT_R20_B_F,Equinor-SEIS_SYNT_R20_B_F,Geophysics,EQ-Synthetic%20Seismogram,non-dimensional,unitless,null
LFP_SEIS_SYNT_R20_B_FNDIF,Equinor-SEIS_SYNT_R20_B_FNDIF,Geophysics,EQ-Synthetic%20Seismogram,non-dimensional,unitless,null
LFP_SEIS_SYNT_R20_B_N,Equinor-SEIS_SYNT_R20_B_N,Geophysics,EQ-Synthetic%20Seismogram,non-dimensional,unitless,null
LFP_SEIS_SYNT_R20_G_F,Equinor-SEIS_SYNT_R20_G_F,Geophysics,EQ-Synthetic%20Seismogram,non-dimensional,unitless,null
LFP_SEIS_SYNT_R20_G_FNDIF,Equinor-SEIS_SYNT_R20_G_FNDIF,Geophysics,EQ-Synthetic%20Seismogram,non-dimensional,unitless,null
LFP_SEIS_SYNT_R20_G_N,Equinor-SEIS_SYNT_R20_G_N,Geophysics,EQ-Synthetic%20Seismogram,non-dimensional,unitless,null
LFP_SEIS_SYNT_R20_GBDIF_F,Equinor-SEIS_SYNT_R20_GBDIF_F,Geophysics,EQ-Synthetic%20Seismogram,non-dimensional,unitless,null
LFP_SEIS_SYNT_R20_GBDIF_N,Equinor-SEIS_SYNT_R20_GBDIF_N,Geophysics,EQ-Synthetic%20Seismogram,non-dimensional,unitless,null
LFP_SEIS_SYNT_R20_GODIF_F,Equinor-SEIS_SYNT_R20_GODIF_F,Geophysics,EQ-Synthetic%20Seismogram,non-dimensional,unitless,null
LFP_SEIS_SYNT_R20_GODIF_N,Equinor-SEIS_SYNT_R20_GODIF_N,Geophysics,EQ-Synthetic%20Seismogram,non-dimensional,unitless,null
LFP_SEIS_SYNT_R20_O_F,Equinor-SEIS_SYNT_R20_O_F,Geophysics,EQ-Synthetic%20Seismogram,non-dimensional,unitless,null
LFP_SEIS_SYNT_R20_O_FNDIF,Equinor-SEIS_SYNT_R20_O_FNDIF,Geophysics,EQ-Synthetic%20Seismogram,non-dimensional,unitless,null
LFP_SEIS_SYNT_R20_O_N,Equinor-SEIS_SYNT_R20_O_N,Geophysics,EQ-Synthetic%20Seismogram,non-dimensional,unitless,null
LFP_SEIS_SYNT_R20_OBDIF_F,Equinor-SEIS_SYNT_R20_OBDIF_F,Geophysics,EQ-Synthetic%20Seismogram,non-dimensional,unitless,null
LFP_SEIS_SYNT_R20_OBDIF_N,Equinor-SEIS_SYNT_R20_OBDIF_N,Geophysics,EQ-Synthetic%20Seismogram,non-dimensional,unitless,null
LFP_SEIS_SYNT_R20_V_F,Equinor-SEIS_SYNT_R20_V_F,Geophysics,EQ-Synthetic%20Seismogram,non-dimensional,unitless,null
LFP_SEIS_SYNT_R20_V_FNDIF,Equinor-SEIS_SYNT_R20_V_FNDIF,Geophysics,EQ-Synthetic%20Seismogram,non-dimensional,unitless,null
LFP_SEIS_SYNT_R20_V_N,Equinor-SEIS_SYNT_R20_V_N,Geophysics,EQ-Synthetic%20Seismogram,non-dimensional,unitless,null
LFP_SEIS_SYNT_R30_B_F,Equinor-SEIS_SYNT_R30_B_F,Geophysics,EQ-Synthetic%20Seismogram,non-dimensional,unitless,null
LFP_SEIS_SYNT_R30_B_FNDIF,Equinor-SEIS_SYNT_R30_B_FNDIF,Geophysics,EQ-Synthetic%20Seismogram,non-dimensional,unitless,null
LFP_SEIS_SYNT_R30_B_N,Equinor-SEIS_SYNT_R30_B_N,Geophysics,EQ-Synthetic%20Seismogram,non-dimensional,unitless,null
LFP_SEIS_SYNT_R30_G_F,Equinor-SEIS_SYNT_R30_G_F,Geophysics,EQ-Synthetic%20Seismogram,non-dimensional,unitless,null
LFP_SEIS_SYNT_R30_G_FNDIF,Equinor-SEIS_SYNT_R30_G_FNDIF,Geophysics,EQ-Synthetic%20Seismogram,non-dimensional,unitless,null
LFP_SEIS_SYNT_R30_G_N,Equinor-SEIS_SYNT_R30_G_N,Geophysics,EQ-Synthetic%20Seismogram,non-dimensional,unitless,null
LFP_SEIS_SYNT_R30_GBDIF_F,Equinor-SEIS_SYNT_R30_GBDIF_F,Geophysics,EQ-Synthetic%20Seismogram,non-dimensional,unitless,null
LFP_SEIS_SYNT_R30_GBDIF_N,Equinor-SEIS_SYNT_R30_GBDIF_N,Geophysics,EQ-Synthetic%20Seismogram,non-dimensional,unitless,null
LFP_SEIS_SYNT_R30_GODIF_F,Equinor-SEIS_SYNT_R30_GODIF_F,Geophysics,EQ-Synthetic%20Seismogram,non-dimensional,unitless,null
LFP_SEIS_SYNT_R30_GODIF_N,Equinor-SEIS_SYNT_R30_GODIF_N,Geophysics,EQ-Synthetic%20Seismogram,non-dimensional,unitless,null
LFP_SEIS_SYNT_R30_O_F,Equinor-SEIS_SYNT_R30_O_F,Geophysics,EQ-Synthetic%20Seismogram,non-dimensional,unitless,null
LFP_SEIS_SYNT_R30_O_FNDIF,Equinor-SEIS_SYNT_R30_O_FNDIF,Geophysics,EQ-Synthetic%20Seismogram,non-dimensional,unitless,null
LFP_SEIS_SYNT_R30_O_N,Equinor-SEIS_SYNT_R30_O_N,Geophysics,EQ-Synthetic%20Seismogram,non-dimensional,unitless,null
LFP_SEIS_SYNT_R30_OBDIF_F,Equinor-SEIS_SYNT_R30_OBDIF_F,Geophysics,EQ-Synthetic%20Seismogram,non-dimensional,unitless,null
LFP_SEIS_SYNT_R30_OBDIF_N,Equinor-SEIS_SYNT_R30_OBDIF_N,Geophysics,EQ-Synthetic%20Seismogram,non-dimensional,unitless,null
LFP_SEIS_SYNT_R30_V_F,Equinor-SEIS_SYNT_R30_V_F,Geophysics,EQ-Synthetic%20Seismogram,non-dimensional,unitless,null
LFP_SEIS_SYNT_R30_V_FNDIF,Equinor-SEIS_SYNT_R30_V_FNDIF,Geophysics,EQ-Synthetic%20Seismogram,non-dimensional,unitless,null
LFP_SEIS_SYNT_R30_V_N,Equinor-SEIS_SYNT_R30_V_N,Geophysics,EQ-Synthetic%20Seismogram,non-dimensional,unitless,null
LFP_SEIS_SYNT_R35_B_F,Equinor-SEIS_SYNT_R35_B_F,Geophysics,EQ-Synthetic%20Seismogram,non-dimensional,unitless,null
LFP_SEIS_SYNT_R35_B_FNDIF,Equinor-SEIS_SYNT_R35_B_FNDIF,Geophysics,EQ-Synthetic%20Seismogram,non-dimensional,unitless,null
LFP_SEIS_SYNT_R35_B_N,Equinor-SEIS_SYNT_R35_B_N,Geophysics,EQ-Synthetic%20Seismogram,non-dimensional,unitless,null
LFP_SEIS_SYNT_R35_G_F,Equinor-SEIS_SYNT_R35_G_F,Geophysics,EQ-Synthetic%20Seismogram,non-dimensional,unitless,null
LFP_SEIS_SYNT_R35_G_FNDIF,Equinor-SEIS_SYNT_R35_G_FNDIF,Geophysics,EQ-Synthetic%20Seismogram,non-dimensional,unitless,null
LFP_SEIS_SYNT_R35_G_N,Equinor-SEIS_SYNT_R35_G_N,Geophysics,EQ-Synthetic%20Seismogram,non-dimensional,unitless,null
LFP_SEIS_SYNT_R35_GBDIF_F,Equinor-SEIS_SYNT_R35_GBDIF_F,Geophysics,EQ-Synthetic%20Seismogram,non-dimensional,unitless,null
LFP_SEIS_SYNT_R35_GBDIF_N,Equinor-SEIS_SYNT_R35_GBDIF_N,Geophysics,EQ-Synthetic%20Seismogram,non-dimensional,unitless,null
LFP_SEIS_SYNT_R35_GODIF_F,Equinor-SEIS_SYNT_R35_GODIF_F,Geophysics,EQ-Synthetic%20Seismogram,non-dimensional,unitless,null
LFP_SEIS_SYNT_R35_GODIF_N,Equinor-SEIS_SYNT_R35_GODIF_N,Geophysics,EQ-Synthetic%20Seismogram,non-dimensional,unitless,null
LFP_SEIS_SYNT_R35_O_F,Equinor-SEIS_SYNT_R35_O_F,Geophysics,EQ-Synthetic%20Seismogram,non-dimensional,unitless,null
LFP_SEIS_SYNT_R35_O_FNDIF,Equinor-SEIS_SYNT_R35_O_FNDIF,Geophysics,EQ-Synthetic%20Seismogram,non-dimensional,unitless,null
LFP_SEIS_SYNT_R35_O_N,Equinor-SEIS_SYNT_R35_O_N,Geophysics,EQ-Synthetic%20Seismogram,non-dimensional,unitless,null
LFP_SEIS_SYNT_R35_OBDIF_F,Equinor-SEIS_SYNT_R35_OBDIF_F,Geophysics,EQ-Synthetic%20Seismogram,non-dimensional,unitless,null
LFP_SEIS_SYNT_R35_OBDIF_N,Equinor-SEIS_SYNT_R35_OBDIF_N,Geophysics,EQ-Synthetic%20Seismogram,non-dimensional,unitless,null
LFP_SEIS_SYNT_R35_V_F,Equinor-SEIS_SYNT_R35_V_F,Geophysics,EQ-Synthetic%20Seismogram,non-dimensional,unitless,null
LFP_SEIS_SYNT_R35_V_FNDIF,Equinor-SEIS_SYNT_R35_V_FNDIF,Geophysics,EQ-Synthetic%20Seismogram,non-dimensional,unitless,null
LFP_SEIS_SYNT_R35_V_N,Equinor-SEIS_SYNT_R35_V_N,Geophysics,EQ-Synthetic%20Seismogram,non-dimensional,unitless,null
LFP_SEIS_SYNT_R60_B_F,Equinor-SEIS_SYNT_R60_B_F,Geophysics,EQ-Synthetic%20Seismogram,non-dimensional,unitless,null
LFP_SEIS_SYNT_R60_B_FNDIF,Equinor-SEIS_SYNT_R60_B_FNDIF,Geophysics,EQ-Synthetic%20Seismogram,non-dimensional,unitless,null
LFP_SEIS_SYNT_R60_B_N,Equinor-SEIS_SYNT_R60_B_N,Geophysics,EQ-Synthetic%20Seismogram,non-dimensional,unitless,null
LFP_SEIS_SYNT_R60_G_F,Equinor-SEIS_SYNT_R60_G_F,Geophysics,EQ-Synthetic%20Seismogram,non-dimensional,unitless,null
LFP_SEIS_SYNT_R60_G_FNDIF,Equinor-SEIS_SYNT_R60_G_FNDIF,Geophysics,EQ-Synthetic%20Seismogram,non-dimensional,unitless,null
LFP_SEIS_SYNT_R60_G_N,Equinor-SEIS_SYNT_R60_G_N,Geophysics,EQ-Synthetic%20Seismogram,non-dimensional,unitless,null
LFP_SEIS_SYNT_R60_GBDIF_F,Equinor-SEIS_SYNT_R60_GBDIF_F,Geophysics,EQ-Synthetic%20Seismogram,non-dimensional,unitless,null
LFP_SEIS_SYNT_R60_GBDIF_N,Equinor-SEIS_SYNT_R60_GBDIF_N,Geophysics,EQ-Synthetic%20Seismogram,non-dimensional,unitless,null
LFP_SEIS_SYNT_R60_GODIF_F,Equinor-SEIS_SYNT_R60_GODIF_F,Geophysics,EQ-Synthetic%20Seismogram,non-dimensional,unitless,null
LFP_SEIS_SYNT_R60_GODIF_N,Equinor-SEIS_SYNT_R60_GODIF_N,Geophysics,EQ-Synthetic%20Seismogram,non-dimensional,unitless,null
LFP_SEIS_SYNT_R60_O_F,Equinor-SEIS_SYNT_R60_O_F,Geophysics,EQ-Synthetic%20Seismogram,non-dimensional,unitless,null
LFP_SEIS_SYNT_R60_O_FNDIF,Equinor-SEIS_SYNT_R60_O_FNDIF,Geophysics,EQ-Synthetic%20Seismogram,non-dimensional,unitless,null
LFP_SEIS_SYNT_R60_O_N,Equinor-SEIS_SYNT_R60_O_N,Geophysics,EQ-Synthetic%20Seismogram,non-dimensional,unitless,null
LFP_SEIS_SYNT_R60_OBDIF_F,Equinor-SEIS_SYNT_R60_OBDIF_F,Geophysics,EQ-Synthetic%20Seismogram,non-dimensional,unitless,null
LFP_SEIS_SYNT_R60_OBDIF_N,Equinor-SEIS_SYNT_R60_OBDIF_N,Geophysics,EQ-Synthetic%20Seismogram,non-dimensional,unitless,null
LFP_SEIS_SYNT_R60_V_F,Equinor-SEIS_SYNT_R60_V_F,Geophysics,EQ-Synthetic%20Seismogram,non-dimensional,unitless,null
LFP_SEIS_SYNT_R60_V_FNDIF,Equinor-SEIS_SYNT_R60_V_FNDIF,Geophysics,EQ-Synthetic%20Seismogram,non-dimensional,unitless,null
LFP_SEIS_SYNT_R60_V_N,Equinor-SEIS_SYNT_R60_V_N,Geophysics,EQ-Synthetic%20Seismogram,non-dimensional,unitless,null
LFP_DELTA,Equinor-DELTA,Geomechanics,EQ-Thomsen%20Parameter,non-dimensional,unitless,null
LFP_EPSILON,Equinor-EPSILON,Geomechanics,EQ-Thomsen%20Parameter,non-dimensional,unitless,null
LFP_GAMMA,Equinor-GAMMA,Geomechanics,EQ-Thomsen%20Parameter,non-dimensional,unitless,null
LFP_GAMMA_SIMP,Equinor-GAMMA_SIMP,Geomechanics,EQ-Thomsen%20Parameter,non-dimensional,unitless,null
LFP_GAMMA_SYNT,Equinor-GAMMA_SYNT,Geomechanics,EQ-Thomsen%20Parameter,non-dimensional,unitless,null
LFP_GAMMANC,Equinor-GAMMANC,Geomechanics,EQ-Thomsen%20Parameter,non-dimensional,unitless,null
LFP_VPVS_B,Equinor-VPVS_B,Acoustic,EQ-VpVs%20%28Compressional%20To%20Shear%29%20Ratio,non-dimensional,unitless,null
LFP_VPVS_CO2,Equinor-VPVS_CO2,Acoustic,EQ-VpVs%20%28Compressional%20To%20Shear%29%20Ratio,non-dimensional,unitless,null
LFP_VPVS_G,Equinor-VPVS_G,Acoustic,EQ-VpVs%20%28Compressional%20To%20Shear%29%20Ratio,non-dimensional,unitless,null
LFP_VPVS_LOG,Equinor-VPVS_LOG,Acoustic,EQ-VpVs%20%28Compressional%20To%20Shear%29%20Ratio,non-dimensional,unitless,null
LFP_VPVS_O,Equinor-VPVS_O,Acoustic,EQ-VpVs%20%28Compressional%20To%20Shear%29%20Ratio,non-dimensional,unitless,null
LFP_VPVS_V,Equinor-VPVS_V,Acoustic,EQ-VpVs%20%28Compressional%20To%20Shear%29%20Ratio,non-dimensional,unitless,null
LFP_KLOGH,Equinor-KLOGH,Permeability,Horizontal%20Permeability,permeability%20rock,mD,null
KLOGH,Equinor-KLOGH,Permeability,Horizontal%20Permeability,permeability%20rock,mD,null
KLOGH_SD,Equinor-KLOGH_SD,Permeability,Horizontal%20Permeability,permeability%20rock,mD,null
KSDR,Equinor-KSDR,Permeability,NMR%20Permeability,permeability%20rock,mD,null
KTIM,Equinor-KTIM,Permeability,NMR%20Permeability,permeability%20rock,mD,null
KLOGH_TIM,Equinor-KTIM,Permeability,NMR%20Permeability,permeability%20rock,mD,Wrong curve name
KLOGH_SDR,Equinor-KSDR,Permeability,NMR%20Permeability,permeability%20rock,mD,Wrong curve name
KLOGV,Equinor-KLOGV,Permeability,Vertical%20Permeability,permeability%20rock,mD,null
LFP_FSA_P1NO,Equinor-FSA_P1NO,Angle,Angle,plane%20angle,dega,null
LFP_FSA_RB,Equinor-FSA_RB,Angle,Angle,plane%20angle,dega,null
LFP_DIP_AZI_APP,Equinor-DIP_AZI_APP,FormationGeometry,EQ-Apparent%20Dip%20Azimuth,plane%20angle,dega,null
LFP_DIP_APP,Equinor-DIP_APP,FormationGeometry,EQ-Apparent%20Dip%20Inclination,plane%20angle,dega,null
LFP_DIP_AZI,Equinor-DIP_AZI,FormationGeometry,EQ-True%20Dip%20Azimuth,plane%20angle,dega,null
LFP_DIP,Equinor-DIP,FormationGeometry,EQ-True%20Dip%20Inclination,plane%20angle,dega,null
LFP_KDRYROCK,Equinor-KDRYROCK,Geomechanics,EQ-Bulk%20Modulus%20%28Dynamic%29,pressure,GPa,null
LFP_KFLCO2,Equinor-KFLCO2,Geomechanics,EQ-Bulk%20Modulus%20%28Dynamic%29,pressure,GPa,null
LFP_KFLG,Equinor-KFLG,Geomechanics,EQ-Bulk%20Modulus%20%28Dynamic%29,pressure,GPa,null
LFP_KFLMF,Equinor-KFLMF,Geomechanics,EQ-Bulk%20Modulus%20%28Dynamic%29,pressure,GPa,null
LFP_KFLO,Equinor-KFLO,Geomechanics,EQ-Bulk%20Modulus%20%28Dynamic%29,pressure,GPa,null
LFP_KFLW,Equinor-KFLW,Geomechanics,EQ-Bulk%20Modulus%20%28Dynamic%29,pressure,GPa,null
LFP_KROCKV,Equinor-KROCKV,Geomechanics,EQ-Bulk%20Modulus%20%28Dynamic%29,pressure,GPa,null
LFP_KROCKVNC,Equinor-KROCKVNC,Geomechanics,EQ-Bulk%20Modulus%20%28Dynamic%29,pressure,GPa,null
LFP_KRROCKV,Equinor-KRROCKV,Geomechanics,EQ-Bulk%20Modulus%20%28Dynamic%29,pressure,GPa,null
LFP_KSKEL,Equinor-KSKEL,Geomechanics,EQ-Bulk%20Modulus%20%28Dynamic%29,pressure,GPa,null
LFP_KSKELNC,Equinor-KSKELNC,Geomechanics,EQ-Bulk%20Modulus%20%28Dynamic%29,pressure,GPa,null
LFP_KSOLID,Equinor-KSOLID,Geomechanics,EQ-Bulk%20Modulus%20%28Dynamic%29,pressure,GPa,null
LFP_KSOLIDNC,Equinor-KSOLIDNC,Geomechanics,EQ-Bulk%20Modulus%20%28Dynamic%29,pressure,GPa,null
LFP_KVROCKV,Equinor-KVROCKV,Geomechanics,EQ-Bulk%20Modulus%20%28Dynamic%29,pressure,GPa,null
LFP_C44_LOG,Equinor-C44_LOG,Geomechanics,EQ-Elastic%20Modulus,pressure,GPa,null
LFP_C66_SIMP,Equinor-C66_SIMP,Geomechanics,EQ-Elastic%20Modulus,pressure,GPa,null
LFP_PRESS,Equinor-PRESS,Pressure,EQ-Formation%20Pressure,pressure,bar,null
LFP_PRESS_DATA,Equinor-PRESS_DATA,Pressure,EQ-Formation%20Pressure,pressure,bar,null
LFP_GS,Equinor-GS,Geomechanics,EQ-Shear%20Modulus%20%28Dynamic%29,pressure,GPa,null
LFP_GSKEL,Equinor-GSKEL,Geomechanics,EQ-Shear%20Modulus%20%28Dynamic%29,pressure,GPa,null
LFP_GSKELNC,Equinor-GSKELNC,Geomechanics,EQ-Shear%20Modulus%20%28Dynamic%29,pressure,GPa,null
LFP_TEMP,Equinor-TEMP,Temperature,EQ-Formation%20Temperature,thermodynamic%20temperature,degC,null
LFP_TEMP_DATA,Equinor-TEMP_DATA,Temperature,EQ-Formation%20Temperature,thermodynamic%20temperature,degC,null
FTEMP,Equinor-FTEMP,Temperature,EQ-Formation%20Temperature,thermodynamic%20temperature,degC,null
CBW_CUTOFF,Equinor-CBW_CUTOFF,NuclearMagneticResonance,EQ-Clay%20Bound%20Water%20Cutoff,time,ms,null
T2CUTOFF,Equinor-T2CUTOFF,NuclearMagneticResonance,EQ-NMR%20T2%20Cutoff,time,ms,null
T2_LM,Equinor-T2_LM,NuclearMagneticResonance,EQ-NMR%20T2%20Logarithmic%20Mean,time,ms,null
LFP_DT,Equinor-DT,Slowness,Compressional%20Slowness,time%20per%20length,us/ft,null
LFP_DT_B,Equinor-DT_B,Slowness,Compressional%20Slowness,time%20per%20length,us/ft,null
LFP_DT_CKS,Equinor-DT_CKS,Slowness,Compressional%20Slowness,time%20per%20length,us/ft,null
LFP_DT_CO2,Equinor-DT_CO2,Slowness,Compressional%20Slowness,time%20per%20length,us/ft,null
LFP_DT_FAUST,Equinor-DT_FAUST,Slowness,Compressional%20Slowness,time%20per%20length,us/ft,null
LFP_DT_G,Equinor-DT_G,Slowness,Compressional%20Slowness,time%20per%20length,us/ft,null
LFP_DT_GC,Equinor-DT_GC,Slowness,Compressional%20Slowness,time%20per%20length,us/ft,null
LFP_DT_LOG,Equinor-DT_LOG,Slowness,Compressional%20Slowness,time%20per%20length,us/ft,null
LFP_DT_O,Equinor-DT_O,Slowness,Compressional%20Slowness,time%20per%20length,us/ft,null
LFP_DT_SYNT,Equinor-DT_SYNT,Slowness,Compressional%20Slowness,time%20per%20length,us/ft,null
LFP_DT_V,Equinor-DT_V,Slowness,Compressional%20Slowness,time%20per%20length,us/ft,null
LFP_DT_VERT,Equinor-DT_VERT,Slowness,Compressional%20Slowness,time%20per%20length,us/ft,null
LFP_DT0,Equinor-DT0,Slowness,Compressional%20Slowness,time%20per%20length,us/ft,null
LFP_DTSHNC,Equinor-DTSHNC,Slowness,Compressional%20Slowness,time%20per%20length,us/ft,null
LFP_LCADT,Equinor-LCADT,Slowness,Compressional%20Slowness,time%20per%20length,us/ft,null
LFP_DTS_FAST,Equinor-DTS_FAST,Slowness,Fast%20Shear%20Slowness,time%20per%20length,us/ft,null
LFP_DTS,Equinor-DTS,Slowness,Shear%20Slowness,time%20per%20length,us/ft,null
LFP_DTS_B,Equinor-DTS_B,Slowness,Shear%20Slowness,time%20per%20length,us/ft,null
LFP_DTS_CO2,Equinor-DTS_CO2,Slowness,Shear%20Slowness,time%20per%20length,us/ft,null
LFP_DTS_G,Equinor-DTS_G,Slowness,Shear%20Slowness,time%20per%20length,us/ft,null
LFP_DTS_GC,Equinor-DTS_GC,Slowness,Shear%20Slowness,time%20per%20length,us/ft,null
LFP_DTS_HOR_SIMP,Equinor-DTS_HOR_SIMP,Slowness,Shear%20Slowness,time%20per%20length,us/ft,null
LFP_DTS_KRIEF,Equinor-DTS_KRIEF,Slowness,Shear%20Slowness,time%20per%20length,us/ft,null
LFP_DTS_LOG,Equinor-DTS_LOG,Slowness,Shear%20Slowness,time%20per%20length,us/ft,null
LFP_DTS_O,Equinor-DTS_O,Slowness,Shear%20Slowness,time%20per%20length,us/ft,null
LFP_DTS_SH,Equinor-DTS_SH,Slowness,Shear%20Slowness,time%20per%20length,us/ft,null
LFP_DTS_SR_MA,Equinor-DTS_SR_MA,Slowness,Shear%20Slowness,time%20per%20length,us/ft,null
LFP_DTS_SR_MAOPT,Equinor-DTS_SR_MAOPT,Slowness,Shear%20Slowness,time%20per%20length,us/ft,null
LFP_DTS_SR_MR,Equinor-DTS_SR_MR,Slowness,Shear%20Slowness,time%20per%20length,us/ft,null
LFP_DTS_SV,Equinor-DTS_SV,Slowness,Shear%20Slowness,time%20per%20length,us/ft,null
LFP_DTS_V,Equinor-DTS_V,Slowness,Shear%20Slowness,time%20per%20length,us/ft,null
LFP_DTS_VERT,Equinor-DTS_VERT,Slowness,Shear%20Slowness,time%20per%20length,us/ft,null
LFP_DTS0,Equinor-DTS0,Slowness,Shear%20Slowness,time%20per%20length,us/ft,null
LFP_DTS_SLOW,Equinor-DTS_SLOW,Slowness,Slow%20Shear%20Slowness,time%20per%20length,us/ft,null
LFP_DTST,Equinor-DTST,Slowness,Stoneley%20Slowness,time%20per%20length,us/ft,null
LFP_DTST_LOG,Equinor-DTST_LOG,Slowness,Stoneley%20Slowness,time%20per%20length,us/ft,null
DT,Equinor-DT,Slowness,Compressional%20Slowness,time%20per%20length,us/ft,null
DTS,Equinor-DTS,Slowness,Shear%20Slowness,time%20per%20length,us/ft,null
DTST,Equinor-DTST,Slowness,Stoneley%20Slowness,time%20per%20length,us/ft,null
LFP_GORMAX,Equinor-GORMAX,FluidProperties,EQ-Gas%20Oil%20Ratio,volume%20per%20volume,m3/m3,null
LFP_GORNC,Equinor-GORNC,FluidProperties,EQ-Gas%20Oil%20Ratio,volume%20per%20volume,m3/m3,null
LFP_SALMF,Equinor-SALMF,FluidProperties,EQ-Fluid%20Salinity,volume%20per%20volume,ppm,null
LFP_SAL,Equinor-SAL,Salinity,EQ-Formation%20Water%20Salinity,volume%20per%20volume,ppm,null
LFP_SAL_ARCHIE,Equinor-SAL_ARCHIE,Salinity,EQ-Formation%20Water%20Salinity,volume%20per%20volume,ppm,null
BFV,Equinor-BFV,VolumeFraction,EQ-NMR%20Bound%20Fluid%20Volume%20Fraction,volume%20per%20volume,v/v,null
BVW,Equinor-BVW,VolumeFraction,EQ-Water%20Volume%20Fraction,volume%20per%20volume,v/v,null
BVWE,Equinor-BVWE,VolumeFraction,EQ-Water%20Volume%20Fraction%20Effective,volume%20per%20volume,v/v,null
BVWT,Equinor-BVWT,VolumeFraction,EQ-Water%20Volume%20Fraction%20Total,volume%20per%20volume,v/v,null
BVXE,Equinor-BVXE,VolumeFraction,EQ-Water%20Volume%20Fraction%20Effective,volume%20per%20volume,v/v,null
BVXT,Equinor-BVXT,VolumeFraction,EQ-Water%20Volume%20Fraction%20Total,volume%20per%20volume,v/v,null
FFV,Equinor-FFV,VolumeFraction,NMR%20Free%20Fluid%20Volume%20Fraction,volume%20per%20volume,v/v,null
GASFRACTION,Equinor-GASFRACTION,Production,EQ-Gas%20Fraction,volume%20per%20volume,v/v,null
LFP_BVWE,Equinor-BVWE,VolumeFraction,EQ-Water%20Volume%20Fraction%20Effective,volume%20per%20volume,v/v,null
LFP_BVWT,Equinor-BVWT,VolumeFraction,EQ-Water%20Volume%20Fraction%20Total,volume%20per%20volume,v/v,null
LFP_LCONPHI,Equinor-LCONPHI,Neutron,EQ-NPHI%20Cutoff%20Flag,volume%20per%20volume,v/v,null
LFP_NPHI,Equinor-NPHI,Porosity,EQ-Neutron%20Porosity,volume%20per%20volume,v/v,null
LFP_NPHI_EDIT,Equinor-NPHIC,Porosity,EQ-Neutron%20Porosity,volume%20per%20volume,v/v,null
LFP_NPHI_LOG,Equinor-NPHI_LOG,Porosity,EQ-Neutron%20Porosity,volume%20per%20volume,v/v,null
LFP_NPHISH,Equinor-NPHISH,Porosity,EQ-Neutron%20Porosity%20Shale,volume%20per%20volume,v/v,null
LFP_PHIE,Equinor-PHIE,Porosity,EQ-Effective%20Porosity,volume%20per%20volume,v/v,null
LFP_PHIEC,Equinor-PHIEC,Porosity,EQ-Effective%20Porosity,volume%20per%20volume,v/v,null
LFP_PHIEP,Equinor-PHIEP,Porosity,EQ-Effective%20Porosity,volume%20per%20volume,v/v,null
LFP_PHIEWC,Equinor-PHIEWC,Porosity,EQ-Effective%20Porosity,volume%20per%20volume,v/v,null
LFP_PHIS,Equinor-PHIS,Porosity,EQ-Sonic%20Porosity,volume%20per%20volume,v/v,null
LFP_PHISH,Equinor-PHISH,Porosity,EQ-Shale%20Porosity,volume%20per%20volume,v/v,null
LFP_PHIT,Equinor-PHIT,Porosity,EQ-Total%20Porosity,volume%20per%20volume,v/v,null
LFP_PHITC,Equinor-PHITC,Porosity,EQ-Total%20Porosity,volume%20per%20volume,v/v,null
LFP_PHITP,Equinor-PHITP,Porosity,EQ-Total%20Porosity,volume%20per%20volume,v/v,null
LFP_PHITWC,Equinor-PHITWC,Porosity,EQ-Total%20Porosity,volume%20per%20volume,v/v,null
LFP_SBW,Equinor-SBW,Saturation,EQ-Bound%20Water%20Saturation,volume%20per%20volume,v/v,null
LFP_SCO2T_SUBST,Equinor-SCO2T_SUBST,Saturation,EQ-CO2%20Saturation,volume%20per%20volume,v/v,null
LFP_SFW,Equinor-SFW,Saturation,EQ-Free%20Water%20Saturation,volume%20per%20volume,v/v,null
LFP_SGT,Equinor-SGT,Saturation,EQ-Gas%20Saturation,volume%20per%20volume,v/v,null
LFP_SGT_DT,Equinor-SGT_DT,Saturation,EQ-Gas%20Saturation,volume%20per%20volume,v/v,null
LFP_SGT_SUBST,Equinor-SGT_SUBST,Saturation,EQ-Gas%20Saturation,volume%20per%20volume,v/v,null
LFP_SGTC,Equinor-SGTC,Saturation,EQ-Gas%20Saturation,volume%20per%20volume,v/v,null
LFP_SGTP,Equinor-SGTP,Saturation,EQ-Gas%20Saturation,volume%20per%20volume,v/v,null
LFP_SMFT_DT,Equinor-SMFT_DT,Saturation,EQ-Flushed%20Zone%20MF%20Saturation,volume%20per%20volume,v/v,null
LFP_SOT,Equinor-SOT,Saturation,EQ-Oil%20Saturation,volume%20per%20volume,v/v,null
LFP_SOT_DT,Equinor-SOT_DT,Saturation,EQ-Oil%20Saturation,volume%20per%20volume,v/v,null
LFP_SOT_SUBST,Equinor-SOT_SUBST,Saturation,EQ-Oil%20Saturation,volume%20per%20volume,v/v,null
LFP_SOTC,Equinor-SOTC,Saturation,EQ-Oil%20Saturation,volume%20per%20volume,v/v,null
LFP_SOTP,Equinor-SOTP,Saturation,EQ-Oil%20Saturation,volume%20per%20volume,v/v,null
LFP_SW,Equinor-SW,CoreAnalysisSpecial,EQ-Core%20Water%20Saturation,volume%20per%20volume,v/v,null
LFP_SWE,Equinor-SWE,Saturation,EQ-Effective%20Water%20Saturation,volume%20per%20volume,v/v,null
LFP_SWEC,Equinor-SWEC,Saturation,EQ-Effective%20Water%20Saturation,volume%20per%20volume,v/v,null
LFP_SWECNC,Equinor-SWECNC,Saturation,EQ-Effective%20Water%20Saturation,volume%20per%20volume,v/v,null
LFP_SWEP,Equinor-SWEP,Saturation,EQ-Effective%20Water%20Saturation,volume%20per%20volume,v/v,null
LFP_SWEPNC,Equinor-SWEPNC,Saturation,EQ-Effective%20Water%20Saturation,volume%20per%20volume,v/v,null
LFP_SWT,Equinor-SWT,Saturation,EQ-Water%20Saturation,volume%20per%20volume,v/v,null
LFP_SWT_DT,Equinor-SWT_DT,Saturation,EQ-Water%20Saturation,volume%20per%20volume,v/v,null
LFP_SWTC,Equinor-SWTC,Saturation,EQ-Water%20Saturation,volume%20per%20volume,v/v,null
LFP_SWTCNC,Equinor-SWTCNC,Saturation,EQ-Water%20Saturation,volume%20per%20volume,v/v,null
LFP_SWTP,Equinor-SWTP,Saturation,EQ-Water%20Saturation,volume%20per%20volume,v/v,null
LFP_SWTPNC,Equinor-SWTPNC,Saturation,EQ-Water%20Saturation,volume%20per%20volume,v/v,null
LFP_SXOFW,Equinor-SXOFW,Saturation,EQ-Flushed%20Zone%20Water%20Saturation,volume%20per%20volume,v/v,null
LFP_SXOGT,Equinor-SXOGT,Saturation,EQ-Flushed%20Zone%20Gas%20Saturation,volume%20per%20volume,v/v,null
LFP_SXOGTC,Equinor-SXOGTC,Saturation,EQ-Flushed%20Zone%20Gas%20Saturation,volume%20per%20volume,v/v,null
LFP_SXOMFE,Equinor-SXOMFE,Saturation,EQ-Flushed%20Zone%20Fluid%20Saturation,volume%20per%20volume,v/v,null
LFP_SXOMFEC,Equinor-SXOMFEC,Saturation,EQ-Flushed%20Zone%20Fluid%20Saturation,volume%20per%20volume,v/v,null
LFP_SXOMFEWC,Equinor-SXOMFEWC,Saturation,EQ-Flushed%20Zone%20Fluid%20Saturation,volume%20per%20volume,v/v,null
LFP_SXOMFT,Equinor-SXOMFT,Saturation,EQ-Flushed%20Zone%20Fluid%20Saturation,volume%20per%20volume,v/v,null
LFP_SXOMFTC,Equinor-SXOMFTC,Saturation,EQ-Flushed%20Zone%20Fluid%20Saturation,volume%20per%20volume,v/v,null
LFP_SXOMFTWC,Equinor-SXOMFTWC,Saturation,EQ-Flushed%20Zone%20Fluid%20Saturation,volume%20per%20volume,v/v,null
LFP_SXOMFW,Equinor-SXOMFW,Saturation,EQ-Flushed%20Zone%20Fluid%20Saturation,volume%20per%20volume,v/v,null
LFP_SXOMIXE,Equinor-SXOMIXE,Saturation,EQ-Flushed%20Zone%20Fluid%20Saturation,volume%20per%20volume,v/v,null
LFP_SXOMIXEC,Equinor-SXOMIXEC,Saturation,EQ-Flushed%20Zone%20Fluid%20Saturation,volume%20per%20volume,v/v,null
LFP_SXOMIXT,Equinor-SXOMIXT,Saturation,EQ-Flushed%20Zone%20Fluid%20Saturation,volume%20per%20volume,v/v,null
LFP_SXOMIXTC,Equinor-SXOMIXTC,Saturation,EQ-Flushed%20Zone%20Fluid%20Saturation,volume%20per%20volume,v/v,null
LFP_SXOOT,Equinor-SXOOT,Saturation,EQ-Flushed%20Zone%20Oil%20Saturation,volume%20per%20volume,v/v,null
LFP_SXOOTC,Equinor-SXOOTC,Saturation,EQ-Flushed%20Zone%20Oil%20Saturation,volume%20per%20volume,v/v,null
LFP_SXOWE,Equinor-SXOE,Saturation,EQ-Effective%20Water%20Saturation,volume%20per%20volume,v/v,null
LFP_SXOWEC,Equinor-SXOWEC,Saturation,EQ-Flushed%20Zone%20Water%20Saturation,volume%20per%20volume,v/v,null
LFP_SXOWEHC,Equinor-SXOWEHC,Saturation,EQ-Flushed%20Zone%20Water%20Saturation,volume%20per%20volume,v/v,null
LFP_SXOWEWC,Equinor-SXOWEWC,Saturation,EQ-Flushed%20Zone%20Water%20Saturation,volume%20per%20volume,v/v,null
LFP_SXOWT,Equinor-SXOT,Saturation,EQ-Water%20Saturation,volume%20per%20volume,v/v,null
LFP_SXOWTC,Equinor-SXOWTC,Saturation,EQ-Flushed%20Zone%20Water%20Saturation,volume%20per%20volume,v/v,null
LFP_SXOWTHC,Equinor-SXOWTHC,Saturation,EQ-Flushed%20Zone%20Water%20Saturation,volume%20per%20volume,v/v,null
LFP_SXOWTWC,Equinor-SXOWTWC,Saturation,EQ-Flushed%20Zone%20Water%20Saturation,volume%20per%20volume,v/v,null
LFP_VANHY,Equinor-VANHY,VolumeFraction-Matrix,EQ-Anhydrite%20Volume%20Fraction,volume%20per%20volume,v/v,null
LFP_VCALC,Equinor-VCALC,VolumeFraction-Matrix,EQ-Calcite%20Volume%20Fraction,volume%20per%20volume,v/v,null
LFP_VCARB,Equinor-VCARB,VolumeFraction-Matrix,EQ-Carbonate%20Volume%20Fraction,volume%20per%20volume,v/v,null
LFP_VCARBC,Equinor-VCARBC,VolumeFraction-Matrix,EQ-Carbonate%20Volume%20Fraction,volume%20per%20volume,v/v,null
LFP_VCARBP,Equinor-VCARBP,VolumeFraction-Matrix,EQ-Carbonate%20Volume%20Fraction,volume%20per%20volume,v/v,null
LFP_VCARBWC,Equinor-VCARBWC,VolumeFraction-Matrix,EQ-Carbonate%20Volume%20Fraction,volume%20per%20volume,v/v,null
LFP_VCL,Equinor-VCL,VolumeFraction-Matrix,EQ-Clay%20Volume%20Fraction,volume%20per%20volume,v/v,null
LFP_VCLDRY,Equinor-VCLDRY,VolumeFraction-Matrix,EQ-Clay%20Volume%20Fraction,volume%20per%20volume,v/v,null
LFP_VCLDRYNC,Equinor-VCLDRYNC,VolumeFraction-Matrix,EQ-Clay%20Volume%20Fraction,volume%20per%20volume,v/v,null
LFP_VDOLO,Equinor-VDOLO,VolumeFraction-Matrix,EQ-Dolomite%20Volume%20Fraction,volume%20per%20volume,v/v,null
LFP_VMIN1,Equinor-VMIN1,VolumeFraction-Matrix,EQ-Mineral%20Volume%20Fraction,volume%20per%20volume,v/v,null
LFP_VMIN2,Equinor-VMIN2,VolumeFraction-Matrix,EQ-Mineral%20Volume%20Fraction,volume%20per%20volume,v/v,null
LFP_VMIN3,Equinor-VMIN3,VolumeFraction-Matrix,EQ-Mineral%20Volume%20Fraction,volume%20per%20volume,v/v,null
LFP_VQRTZ,Equinor-VQRTZ,VolumeFraction-Matrix,EQ-Quartz%20Volume%20Fraction,volume%20per%20volume,v/v,null
LFP_VQRTZC,Equinor-VQRTZC,VolumeFraction-Matrix,EQ-Quartz%20Volume%20Fraction,volume%20per%20volume,v/v,null
LFP_VQRTZP,Equinor-VQRTZP,VolumeFraction-Matrix,EQ-Quartz%20Volume%20Fraction,volume%20per%20volume,v/v,null
LFP_VQRTZWC,Equinor-VQRTZWC,VolumeFraction-Matrix,EQ-Quartz%20Volume%20Fraction,volume%20per%20volume,v/v,null
LFP_VSH,Equinor-VSH,VolumeFraction-Matrix,EQ-Shale%20Volume%20Fraction,volume%20per%20volume,v/v,null
LFP_VSH_SYNT,Equinor-VSH_SYNT,VolumeFraction-Matrix,EQ-Shale%20Volume%20Fraction,volume%20per%20volume,v/v,null
LFP_VSHCL,Equinor-VSHCL,VolumeFraction-Matrix,EQ-Shale%20Volume%20Fraction,volume%20per%20volume,v/v,null
LFP_VSHDN,Equinor-VSHDN,VolumeFraction-Matrix,EQ-Shale%20Volume%20Fraction,volume%20per%20volume,v/v,null
LFP_VSHDRY,Equinor-VSHDRY,VolumeFraction-Matrix,EQ-Shale%20Volume%20Fraction,volume%20per%20volume,v/v,null
LFP_VSHDRYC,Equinor-VSHDRYC,VolumeFraction-Matrix,EQ-Shale%20Volume%20Fraction,volume%20per%20volume,v/v,null
LFP_VSHDRYP,Equinor-VSHDRYP,VolumeFraction-Matrix,EQ-Shale%20Volume%20Fraction,volume%20per%20volume,v/v,null
LFP_VSHDRYWC,Equinor-VSHDRYWC,VolumeFraction-Matrix,EQ-Shale%20Volume%20Fraction,volume%20per%20volume,v/v,null
LFP_VSHDS,Equinor-VSHDS,VolumeFraction-Matrix,EQ-Shale%20Volume%20Fraction,volume%20per%20volume,v/v,null
LFP_VSHGR,Equinor-VSHGR,VolumeFraction-Matrix,EQ-Shale%20Volume%20Fraction,volume%20per%20volume,v/v,null
LFP_VSHLO,Equinor-VSHLO,VolumeFraction-Matrix,EQ-Shale%20Volume%20Fraction,volume%20per%20volume,v/v,null
LFP_VSHRT,Equinor-VSHRT,VolumeFraction-Matrix,EQ-Shale%20Volume%20Fraction,volume%20per%20volume,v/v,null
LFP_VSHSP,Equinor-VSHSP,VolumeFraction-Matrix,EQ-Shale%20Volume%20Fraction,volume%20per%20volume,v/v,null
NET_FRAC,Equinor-NET_FRAC,VolumeFraction,EQ-Net%20Reservoir%20Fraction,volume%20per%20volume,v/v,null
NPHI,Equinor-NPHI,Porosity,EQ-Neutron%20Porosity,volume%20per%20volume,v/v,null
NPHIC,Equinor-NPHIC,Porosity,EQ-Neutron%20Porosity,volume%20per%20volume,v/v,null
PHID,Equinor-PHID,Porosity,EQ-Density%20Porosity,volume%20per%20volume,v/v,null
PHIE,Equinor-PHIE,Porosity,EQ-Effective%20Porosity,volume%20per%20volume,v/v,null
PHIE_NMR,Equinor-PHIE_NMR,Porosity,EQ-NMR%20Effective%20Porosity,volume%20per%20volume,v/v,null
PHIE_SD,Equinor-PHIE_SD,Porosity,EQ-Effective%20Porosity,volume%20per%20volume,v/v,null
PHIF,Equinor-PHIF,Porosity,EQ-Total%20Porosity,volume%20per%20volume,v/v,null
PHIT,Equinor-PHIT,Porosity,EQ-Total%20Porosity,volume%20per%20volume,v/v,null
PHIT_NMR,Equinor-PHIT_NMR,Porosity,EQ-NMR%20Porosity,volume%20per%20volume,v/v,null
PHIT_SD,Equinor-PHIT_SD,Porosity,EQ-Total%20Porosity,volume%20per%20volume,v/v,null
SWE,Equinor-SWE,Saturation,EQ-Effective%20Water%20Saturation,volume%20per%20volume,v/v,null
SWJ,Equinor-SWJ,Saturation,EQ-Water%20Saturation,volume%20per%20volume,v/v,null
SWT,Equinor-SWT,Saturation,EQ-Water%20Saturation,volume%20per%20volume,v/v,null
SWT_SD,Equinor-SWT_SD,Saturation,EQ-Water%20Saturation,volume%20per%20volume,v/v,null
SXOE,Equinor-SXOE,Saturation,EQ-Effective%20Water%20Saturation,volume%20per%20volume,v/v,null
SXOT,Equinor-SXOT,Saturation,EQ-Water%20Saturation,volume%20per%20volume,v/v,null
T2_DIST,Equinor-T2_DIST,NuclearMagneticResonance,EQ-NMR%20T2%20Distribution,volume%20per%20volume,v/v,null
VCALC,Equinor-VCALC,VolumeFraction-Matrix,EQ-Calcite%20Volume%20Fraction,volume%20per%20volume,v/v,null
VCLDRY,Equinor-VCLDRY,VolumeFraction-Matrix,EQ-Clay%20Volume%20Fraction,volume%20per%20volume,v/v,null
VCOAL,Equinor-VCOAL,VolumeFraction-Matrix,EQ-Coal%20Volume%20Fraction,volume%20per%20volume,v/v,null
VDOLO,Equinor-VDOLO,VolumeFraction-Matrix,EQ-Dolomite%20Volume%20Fraction,volume%20per%20volume,v/v,null
VPHYL,Equinor-VPHYL,VolumeFraction-Matrix,EQ-Phyllosilicates%20Volume%20Fraction,volume%20per%20volume,v/v,null
VSH,Equinor-VSH,VolumeFraction-Matrix,EQ-Shale%20Volume%20Fraction,volume%20per%20volume,v/v,null
VSH_DIS,Equinor-VSH_DIS,VolumeFraction-Matrix,EQ-Shale%20Volume%20Fraction,volume%20per%20volume,v/v,null
VSH_LAM,Equinor-VSH_LAM,VolumeFraction-Matrix,EQ-Shale%20Volume%20Fraction,volume%20per%20volume,v/v,null
VSHDN,Equinor-VSHDN,VolumeFraction-Matrix,EQ-Shale%20Volume%20Fraction,volume%20per%20volume,v/v,null
VSHDRY,Equinor-VSHDRY,VolumeFraction-Matrix,EQ-Shale%20Volume%20Fraction,volume%20per%20volume,v/v,null
VSHGR,Equinor-VSHGR,VolumeFraction-Matrix,EQ-Shale%20Volume%20Fraction,volume%20per%20volume,v/v,null
